index,ndvi
2015-10-02,0.2646137475967407
2015-10-03,0.2653077126935471
2015-10-04,0.26600167779035344
2015-10-05,0.26669564288715986
2015-10-06,0.2673896079839662
2015-10-07,0.2680835730807726
2015-10-08,0.26877753817757893
2015-10-09,0.2694715032743853
2015-10-10,0.2701654683711917
2015-10-11,0.27085943346799807
2015-10-12,0.2715533985648044
2015-10-13,0.2722473636616108
2015-10-14,0.27294132875841715
2015-10-15,0.27363529385522356
2015-10-16,0.2743292589520299
2015-10-17,0.2750232240488363
2015-10-18,0.27571718914564264
2015-10-19,0.27641115424244905
2015-10-20,0.2771051193392554
2015-10-21,0.27779908443606177
2015-10-22,0.27849304953286813
2015-10-23,0.2791870146296745
2015-10-24,0.2798809797264809
2015-10-25,0.28057494482328726
2015-10-26,0.2812689099200936
2015-10-27,0.2819628750169
2015-10-28,0.28265684011370634
2015-10-29,0.28335080521051276
2015-10-30,0.2840447703073191
2015-10-31,0.2847387354041255
2015-11-01,0.28543270050093184
2015-11-02,0.28612666559773825
2015-11-03,0.2868206306945446
2015-11-04,0.28751459579135097
2015-11-05,0.28820856088815733
2015-11-06,0.2889025259849637
2015-11-07,0.2895964910817701
2015-11-08,0.29029045617857646
2015-11-09,0.2909844212753828
2015-11-10,0.2916783863721892
2015-11-11,0.29237235146899554
2015-11-12,0.29306631656580195
2015-11-13,0.2937602816626083
2015-11-14,0.2944542467594147
2015-11-15,0.29552673995494844
2015-11-16,0.2965992331504822
2015-11-17,0.2976717263460159
2015-11-18,0.29874421954154967
2015-11-19,0.29981671273708344
2015-11-20,0.3008892059326172
2015-11-21,0.30196169912815096
2015-11-22,0.30303419232368467
2015-11-23,0.30410668551921843
2015-11-24,0.3051791787147522
2015-11-25,0.30521296884151217
2015-11-26,0.3052467589682721
2015-11-27,0.30528054909503205
2015-11-28,0.305314339221792
2015-11-29,0.305348129348552
2015-11-30,0.3053819194753119
2015-12-01,0.30541570960207187
2015-12-02,0.30544949972883184
2015-12-03,0.3054832898555918
2015-12-04,0.3055170799823517
2015-12-05,0.3055508701091117
2015-12-06,0.30558466023587166
2015-12-07,0.30561845036263163
2015-12-08,0.30565224048939155
2015-12-09,0.3056860306161515
2015-12-10,0.3057198207429115
2015-12-11,0.30575361086967145
2015-12-12,0.30578740099643137
2015-12-13,0.30582119112319134
2015-12-14,0.3058549812499513
2015-12-15,0.3058887713767113
2015-12-16,0.3059225615034712
2015-12-17,0.30595635163023116
2015-12-18,0.30599014175699113
2015-12-19,0.3060239318837511
2015-12-20,0.306057722010511
2015-12-21,0.306091512137271
2015-12-22,0.30612530226403095
2015-12-23,0.3061590923907909
2015-12-24,0.30619288251755084
2015-12-25,0.3062266726443108
2015-12-26,0.3062604627710708
2015-12-27,0.30629425289783074
2015-12-28,0.30632804302459066
2015-12-29,0.3063618331513506
2015-12-30,0.3063956232781106
2015-12-31,0.30642941340487057
2016-01-01,0.3064632035316305
2016-01-02,0.30649699365839045
2016-01-03,0.3065307837851504
2016-01-04,0.3065645739119104
2016-01-05,0.3065983640386703
2016-01-06,0.30663215416543027
2016-01-07,0.30666594429219024
2016-01-08,0.3066997344189502
2016-01-09,0.3067335245457101
2016-01-10,0.3067673146724701
2016-01-11,0.30642255147298175
2016-01-12,0.30607778827349347
2016-01-13,0.3057330250740051
2016-01-14,0.3053882618745168
2016-01-15,0.3050434986750285
2016-01-16,0.30469873547554016
2016-01-17,0.3043539722760518
2016-01-18,0.30400920907656354
2016-01-19,0.3036644458770752
2016-01-20,0.30331968267758685
2016-01-21,0.30297491947809857
2016-01-22,0.30263015627861023
2016-01-23,0.3022853930791219
2016-01-24,0.3019406298796336
2016-01-25,0.30159586668014526
2016-01-26,0.3012511034806569
2016-01-27,0.30090634028116864
2016-01-28,0.3005615770816803
2016-01-29,0.30021681388219196
2016-01-30,0.2998720506827037
2016-01-31,0.29952728748321533
2016-02-01,0.299182524283727
2016-02-02,0.2988377610842387
2016-02-03,0.29849299788475037
2016-02-04,0.298148234685262
2016-02-05,0.29780347148577374
2016-02-06,0.2974587082862854
2016-02-07,0.29711394508679706
2016-02-08,0.2967691818873088
2016-02-09,0.29642441868782043
2016-02-10,0.29568634629249574
2016-02-11,0.29494827389717104
2016-02-12,0.2942102015018463
2016-02-13,0.2934721291065216
2016-02-14,0.2927340567111969
2016-02-15,0.2919959843158722
2016-02-16,0.2912579119205475
2016-02-17,0.29051983952522276
2016-02-18,0.28978176712989806
2016-02-19,0.28904369473457336
2016-02-20,0.28830562233924867
2016-02-21,0.287567549943924
2016-02-22,0.2868294775485992
2016-02-23,0.2860914051532745
2016-02-24,0.28535333275794983
2016-02-25,0.28461526036262513
2016-02-26,0.28387718796730044
2016-02-27,0.2831391155719757
2016-02-28,0.282401043176651
2016-02-29,0.2816629707813263
2016-03-01,0.2809248983860016
2016-03-02,0.2801868259906769
2016-03-03,0.27944875359535215
2016-03-04,0.27871068120002745
2016-03-05,0.27797260880470276
2016-03-06,0.27723453640937806
2016-03-07,0.27649646401405337
2016-03-08,0.2757583916187286
2016-03-09,0.2750203192234039
2016-03-10,0.2742822468280792
2016-03-11,0.2742827397126418
2016-03-12,0.27428323259720433
2016-03-13,0.27428372548176694
2016-03-14,0.2742842183663295
2016-03-15,0.27428471125089204
2016-03-16,0.2742852041354546
2016-03-17,0.2742856970200172
2016-03-18,0.27428618990457976
2016-03-19,0.2742866827891423
2016-03-20,0.27428717567370486
2016-03-21,0.2742876685582675
2016-03-22,0.27428816144283
2016-03-23,0.2742886543273926
2016-03-24,0.2749927359468797
2016-03-25,0.27569681756636677
2016-03-26,0.27640089918585387
2016-03-27,0.27710498080534096
2016-03-28,0.277809062424828
2016-03-29,0.2785131440443151
2016-03-30,0.2792172256638022
2016-03-31,0.2799213072832893
2016-04-01,0.2806253889027764
2016-04-02,0.2813294705222635
2016-04-03,0.2820335521417506
2016-04-04,0.28273763376123767
2016-04-05,0.2834417153807247
2016-04-06,0.2841457970002118
2016-04-07,0.2848498786196989
2016-04-08,0.285553960239186
2016-04-09,0.2862580418586731
2016-04-10,0.29024377235999477
2016-04-11,0.2942295028613164
2016-04-12,0.29821523336263805
2016-04-13,0.30220096386395967
2016-04-14,0.30618669436528134
2016-04-15,0.31017242486660296
2016-04-16,0.31415815536792463
2016-04-17,0.31814388586924625
2016-04-18,0.3221296163705679
2016-04-19,0.32611534687188953
2016-04-20,0.3301010773732112
2016-04-21,0.3340868078745328
2016-04-22,0.3380725383758545
2016-04-23,0.3351075232028961
2016-04-24,0.3321425080299377
2016-04-25,0.3291774928569794
2016-04-26,0.326212477684021
2016-04-27,0.3232474625110626
2016-04-28,0.32028244733810424
2016-04-29,0.31731743216514585
2016-04-30,0.3143524169921875
2016-05-01,0.31138740181922914
2016-05-02,0.30842238664627075
2016-05-03,0.3065793186426163
2016-05-04,0.3047362506389618
2016-05-05,0.3028931826353073
2016-05-06,0.3010501146316528
2016-05-07,0.29920704662799835
2016-05-08,0.2973639786243439
2016-05-09,0.2955209106206894
2016-05-10,0.2936778426170349
2016-05-11,0.2918347746133804
2016-05-12,0.28999170660972595
2016-05-13,0.2881486386060715
2016-05-14,0.286305570602417
2016-05-15,0.2844625025987625
2016-05-16,0.282619434595108
2016-05-17,0.28077636659145355
2016-05-18,0.2789332985877991
2016-05-19,0.2770902305841446
2016-05-20,0.2752471625804901
2016-05-21,0.2734040945768356
2016-05-22,0.27156102657318115
2016-05-23,0.2723143234848976
2016-05-24,0.2730676203966141
2016-05-25,0.2738209173083305
2016-05-26,0.274574214220047
2016-05-27,0.27532751113176346
2016-05-28,0.2760808080434799
2016-05-29,0.2768341049551964
2016-05-30,0.27758740186691283
2016-05-31,0.2783406987786293
2016-06-01,0.27909399569034576
2016-06-02,0.2798472926020622
2016-06-03,0.2806005895137787
2016-06-04,0.28135388642549514
2016-06-05,0.28210718333721163
2016-06-06,0.28286048024892807
2016-06-07,0.2836137771606445
2016-06-08,0.284367074072361
2016-06-09,0.28512037098407744
2016-06-10,0.28587366789579394
2016-06-11,0.2866269648075104
2016-06-12,0.28659396518872476
2016-06-13,0.2865609655699392
2016-06-14,0.2865279659511536
2016-06-15,0.28649496633236804
2016-06-16,0.2864619667135824
2016-06-17,0.28642896709479687
2016-06-18,0.28639596747601126
2016-06-19,0.28636296785722565
2016-06-20,0.2863299682384401
2016-06-21,0.2862969686196545
2016-06-22,0.2862639690008689
2016-06-23,0.2862309693820833
2016-06-24,0.28619796976329775
2016-06-25,0.28616497014451214
2016-06-26,0.28613197052572653
2016-06-27,0.286098970906941
2016-06-28,0.28606597128815536
2016-06-29,0.2860329716693698
2016-06-30,0.2859999720505842
2016-07-01,0.28596697243179864
2016-07-02,0.285933972813013
2016-07-03,0.28590097319422747
2016-07-04,0.28586797357544186
2016-07-05,0.28583497395665625
2016-07-06,0.2858019743378707
2016-07-07,0.2857689747190851
2016-07-08,0.2857359751002995
2016-07-09,0.2857029754815139
2016-07-10,0.28566997586272835
2016-07-11,0.28563697624394274
2016-07-12,0.28560397662515713
2016-07-13,0.2855709770063716
2016-07-14,0.28553797738758596
2016-07-15,0.2855049777688004
2016-07-16,0.2854719781500148
2016-07-17,0.28543897853122924
2016-07-18,0.2854059789124436
2016-07-19,0.285372979293658
2016-07-20,0.28533997967487246
2016-07-21,0.28530698005608685
2016-07-22,0.2852739804373013
2016-07-23,0.2852409808185157
2016-07-24,0.2852079811997301
2016-07-25,0.2851749815809445
2016-07-26,0.2851419819621589
2016-07-27,0.28510898234337334
2016-07-28,0.28507598272458773
2016-07-29,0.2850429831058022
2016-07-30,0.28500998348701656
2016-07-31,0.284976983868231
2016-08-01,0.2849439842494454
2016-08-02,0.28491098463065984
2016-08-03,0.2848779850118742
2016-08-04,0.2848449853930886
2016-08-05,0.28481198577430306
2016-08-06,0.28477898615551744
2016-08-07,0.2847459865367319
2016-08-08,0.2847129869179463
2016-08-09,0.2846799872991607
2016-08-10,0.2846469876803751
2016-08-11,0.2846139880615895
2016-08-12,0.28458098844280394
2016-08-13,0.2845479888240183
2016-08-14,0.28451498920523277
2016-08-15,0.28448198958644716
2016-08-16,0.2844489899676616
2016-08-17,0.284415990348876
2016-08-18,0.2843829907300904
2016-08-19,0.2843499911113048
2016-08-20,0.2843169914925192
2016-08-21,0.28428399187373365
2016-08-22,0.28425099225494804
2016-08-23,0.2842179926361625
2016-08-24,0.2841849930173769
2016-08-25,0.28415199339859126
2016-08-26,0.2841189937798057
2016-08-27,0.2840859941610201
2016-08-28,0.28405299454223454
2016-08-29,0.2840199949234489
2016-08-30,0.28398699530466337
2016-08-31,0.28395399568587776
2016-09-01,0.2839209960670922
2016-09-02,0.2838879964483066
2016-09-03,0.283854996829521
2016-09-04,0.2838219972107354
2016-09-05,0.2837889975919498
2016-09-06,0.28375599797316425
2016-09-07,0.28372299835437864
2016-09-08,0.2836899987355931
2016-09-09,0.2836569991168075
2016-09-10,0.28362399949802186
2016-09-11,0.2835909998792363
2016-09-12,0.2835580002604507
2016-09-13,0.28352500064166514
2016-09-14,0.2834920010228795
2016-09-15,0.28345900140409397
2016-09-16,0.28342600178530836
2016-09-17,0.28339300216652275
2016-09-18,0.2833600025477372
2016-09-19,0.2833270029289516
2016-09-20,0.283294003310166
2016-09-21,0.2832610036913804
2016-09-22,0.28322800407259485
2016-09-23,0.28319500445380924
2016-09-24,0.28316200483502363
2016-09-25,0.28312900521623807
2016-09-26,0.28309600559745246
2016-09-27,0.2830630059786669
2016-09-28,0.2830300063598813
2016-09-29,0.28299700674109574
2016-09-30,0.2829640071223101
2016-10-01,0.28293100750352457
2016-10-02,0.28289800788473896
2016-10-03,0.28286500826595334
2016-10-04,0.2828320086471678
2016-10-05,0.2827990090283822
2016-10-06,0.2827660094095966
2016-10-07,0.282733009790811
2016-10-08,0.28270001017202545
2016-10-09,0.28266701055323984
2016-10-10,0.2826340109344542
2016-10-11,0.28260101131566867
2016-10-12,0.28256801169688306
2016-10-13,0.2825350120780975
2016-10-14,0.2825020124593119
2016-10-15,0.28246901284052633
2016-10-16,0.2824360132217407
2016-10-17,0.28774496018886564
2016-10-18,0.2930539071559906
2016-10-19,0.29836285412311553
2016-10-20,0.3036718010902405
2016-10-21,0.3089807480573654
2016-10-22,0.31428969502449033
2016-10-23,0.3195986419916153
2016-10-24,0.3249075889587402
2016-10-25,0.3302165359258652
2016-10-26,0.3355254828929901
2016-10-27,0.3261773685614268
2016-10-28,0.31682925422986347
2016-10-29,0.30748113989830017
2016-10-30,0.30478506428854807
2016-10-31,0.30208898867879597
2016-11-01,0.29939291306904386
2016-11-02,0.2966968374592917
2016-11-03,0.2940007618495396
2016-11-04,0.2913046862397875
2016-11-05,0.2886086106300354
2016-11-06,0.28870210647583006
2016-11-07,0.28879560232162477
2016-11-08,0.2888890981674194
2016-11-09,0.28898259401321413
2016-11-10,0.2890760898590088
2016-11-11,0.28916958570480344
2016-11-12,0.28926308155059816
2016-11-13,0.2893565773963928
2016-11-14,0.2894500732421875
2016-11-15,0.2895435690879822
2016-11-16,0.2914904256661733
2016-11-17,0.29343728224436444
2016-11-18,0.29538413882255554
2016-11-19,0.29475311040878294
2016-11-20,0.2941220819950104
2016-11-21,0.2934910535812378
2016-11-22,0.29286002516746523
2016-11-23,0.2922289967536926
2016-11-24,0.29159796833992
2016-11-25,0.29096693992614747
2016-11-26,0.29033591151237487
2016-11-27,0.2897048830986023
2016-11-28,0.2890738546848297
2016-11-29,0.28907468252711827
2016-11-30,0.2890755103694068
2016-12-01,0.28907633821169537
2016-12-02,0.2890771660539839
2016-12-03,0.2890779938962724
2016-12-04,0.289078821738561
2016-12-05,0.28907964958084953
2016-12-06,0.2890804774231381
2016-12-07,0.28908130526542664
2016-12-08,0.2890821331077152
2016-12-09,0.28908296095000374
2016-12-10,0.2890837887922923
2016-12-11,0.28908461663458085
2016-12-12,0.28908544447686935
2016-12-13,0.2890862723191579
2016-12-14,0.28908710016144645
2016-12-15,0.289087928003735
2016-12-16,0.28908875584602356
2016-12-17,0.2890895836883121
2016-12-18,0.28909041153060067
2016-12-19,0.2890912393728892
2016-12-20,0.2890920672151778
2016-12-21,0.28909289505746627
2016-12-22,0.2890937228997548
2016-12-23,0.2890945507420434
2016-12-24,0.28909537858433193
2016-12-25,0.2890962064266205
2016-12-26,0.28869014531373977
2016-12-27,0.28828408420085905
2016-12-28,0.2878780230879784
2016-12-29,0.28747196197509767
2016-12-30,0.28706590086221695
2016-12-31,0.28665983974933623
2017-01-01,0.2862537786364555
2017-01-02,0.28584771752357485
2017-01-03,0.28544165641069413
2017-01-04,0.2850355952978134
2017-01-05,0.2846295341849327
2017-01-06,0.284223473072052
2017-01-07,0.2838174119591713
2017-01-08,0.2834113508462906
2017-01-09,0.2830052897334099
2017-01-10,0.28259922862052916
2017-01-11,0.28219316750764845
2017-01-12,0.2817871063947678
2017-01-13,0.28138104528188707
2017-01-14,0.28097498416900635
2017-01-15,0.28310039043426516
2017-01-16,0.2852257966995239
2017-01-17,0.2873512029647827
2017-01-18,0.2894766092300415
2017-01-19,0.2916020154953003
2017-01-20,0.2937274217605591
2017-01-21,0.29585282802581786
2017-01-22,0.29797823429107667
2017-01-23,0.3001036405563354
2017-01-24,0.30222904682159424
2017-01-25,0.3016231834888458
2017-01-26,0.3010173201560974
2017-01-27,0.300411456823349
2017-01-28,0.2998055934906006
2017-01-29,0.2991997301578522
2017-01-30,0.29859386682510375
2017-01-31,0.2979880034923553
2017-02-01,0.29738214015960696
2017-02-02,0.29677627682685853
2017-02-03,0.2961704134941101
2017-02-04,0.2955645501613617
2017-02-05,0.29495868682861326
2017-02-06,0.2943528234958649
2017-02-07,0.29374696016311647
2017-02-08,0.29314109683036804
2017-02-09,0.2925352334976196
2017-02-10,0.2919293701648712
2017-02-11,0.2913235068321228
2017-02-12,0.2907176434993744
2017-02-13,0.290111780166626
2017-02-14,0.28950591683387755
2017-02-15,0.28890005350112913
2017-02-16,0.28829419016838076
2017-02-17,0.28768832683563234
2017-02-18,0.2870824635028839
2017-02-19,0.2864766001701355
2017-02-20,0.28587073683738706
2017-02-21,0.2852648735046387
2017-02-22,0.28465901017189027
2017-02-23,0.28405314683914185
2017-02-24,0.28387431303660077
2017-02-25,0.28369547923405963
2017-02-26,0.28351664543151855
2017-02-27,0.2833378116289775
2017-02-28,0.28315897782643634
2017-03-01,0.28298014402389526
2017-03-02,0.2828013102213542
2017-03-03,0.28262247641881305
2017-03-04,0.282443642616272
2017-03-05,0.2822648088137309
2017-03-06,0.28208597501118976
2017-03-07,0.2819071412086487
2017-03-08,0.2817283074061076
2017-03-09,0.28154947360356647
2017-03-10,0.2813706398010254
2017-03-11,0.2811918059984843
2017-03-12,0.2810129721959432
2017-03-13,0.2808341383934021
2017-03-14,0.280655304590861
2017-03-15,0.2804764707883199
2017-03-16,0.2802976369857788
2017-03-17,0.28011880318323773
2017-03-18,0.2799399693806966
2017-03-19,0.2797611355781555
2017-03-20,0.27958230177561444
2017-03-21,0.2794034679730733
2017-03-22,0.2792246341705322
2017-03-23,0.27904580036799115
2017-03-24,0.27886696656545
2017-03-25,0.27868813276290894
2017-03-26,0.27850929896036786
2017-03-27,0.2783304651578267
2017-03-28,0.27815163135528564
2017-03-29,0.27810794966561453
2017-03-30,0.2780642679759434
2017-03-31,0.2780205862862723
2017-04-01,0.27797690459660124
2017-04-02,0.2779332229069301
2017-04-03,0.277889541217259
2017-04-04,0.2778458595275879
2017-04-05,0.2774733923948728
2017-04-06,0.27710092526215774
2017-04-07,0.27672845812944263
2017-04-08,0.2763559909967276
2017-04-09,0.2759835238640125
2017-04-10,0.27561105673129743
2017-04-11,0.27523858959858233
2017-04-12,0.2748661224658673
2017-04-13,0.2744936553331522
2017-04-14,0.2741211882004371
2017-04-15,0.273748721067722
2017-04-16,0.273376253935007
2017-04-17,0.27300378680229187
2017-04-18,0.2726221127169473
2017-04-19,0.2722404386316027
2017-04-20,0.2718587645462581
2017-04-21,0.2714770904609135
2017-04-22,0.27109541637556894
2017-04-23,0.2707137422902243
2017-04-24,0.27033206820487976
2017-04-25,0.27051633367171657
2017-04-26,0.2707005991385533
2017-04-27,0.27088486460539013
2017-04-28,0.2710691300722269
2017-04-29,0.2712533955390637
2017-04-30,0.27143766100590044
2017-05-01,0.27162192647273725
2017-05-02,0.271806191939574
2017-05-03,0.2719904574064108
2017-05-04,0.27217472287324757
2017-05-05,0.2723589883400844
2017-05-06,0.2725432538069211
2017-05-07,0.27272751927375793
2017-05-08,0.2773765368121011
2017-05-09,0.28202555435044424
2017-05-10,0.2866745718887874
2017-05-11,0.29132358942713055
2017-05-12,0.29597260696547373
2017-05-13,0.3006216245038169
2017-05-14,0.30527064204216003
2017-05-15,0.3040896470730121
2017-05-16,0.30290865210386425
2017-05-17,0.30172765713471633
2017-05-18,0.3005466621655684
2017-05-19,0.29936566719642055
2017-05-20,0.29818467222727263
2017-05-21,0.2970036772581247
2017-05-22,0.2958226822889768
2017-05-23,0.2946416873198289
2017-05-24,0.293460692350681
2017-05-25,0.2922796973815331
2017-05-26,0.2910987024123852
2017-05-27,0.2899177074432373
2017-05-28,0.29016420245170593
2017-05-29,0.29041069746017456
2017-05-30,0.2906571924686432
2017-05-31,0.2909036874771118
2017-06-01,0.29115018248558044
2017-06-02,0.2913966774940491
2017-06-03,0.2916431725025177
2017-06-04,0.2916359109804034
2017-06-05,0.29162864945828915
2017-06-06,0.29162138793617487
2017-06-07,0.2916141264140606
2017-06-08,0.2916068648919463
2017-06-09,0.29159960336983204
2017-06-10,0.29159234184771776
2017-06-11,0.2915850803256035
2017-06-12,0.2915778188034892
2017-06-13,0.29157055728137493
2017-06-14,0.29156329575926065
2017-06-15,0.2915560342371464
2017-06-16,0.2915487727150321
2017-06-17,0.2915415111929178
2017-06-18,0.29153424967080355
2017-06-19,0.29152698814868927
2017-06-20,0.291519726626575
2017-06-21,0.2915124651044607
2017-06-22,0.29150520358234644
2017-06-23,0.29149794206023216
2017-06-24,0.2914906805381179
2017-06-25,0.2914834190160036
2017-06-26,0.29147615749388933
2017-06-27,0.29146889597177505
2017-06-28,0.2914616344496608
2017-06-29,0.2914543729275465
2017-06-30,0.2914471114054322
2017-07-01,0.29143984988331795
2017-07-02,0.29143258836120367
2017-07-03,0.2914253268390894
2017-07-04,0.2914180653169751
2017-07-05,0.29141080379486084
2017-07-06,0.29140354227274656
2017-07-07,0.2913962807506323
2017-07-08,0.291389019228518
2017-07-09,0.29138175770640373
2017-07-10,0.29137449618428946
2017-07-11,0.2913672346621752
2017-07-12,0.2913599731400609
2017-07-13,0.2913527116179466
2017-07-14,0.29134545009583235
2017-07-15,0.29133818857371807
2017-07-16,0.2913309270516038
2017-07-17,0.2913236655294895
2017-07-18,0.29131640400737524
2017-07-19,0.29130914248526096
2017-07-20,0.2913018809631467
2017-07-21,0.2912946194410324
2017-07-22,0.29128735791891813
2017-07-23,0.29128009639680386
2017-07-24,0.2912728348746896
2017-07-25,0.2912655733525753
2017-07-26,0.291258311830461
2017-07-27,0.29125105030834675
2017-07-28,0.29124378878623247
2017-07-29,0.2912365272641182
2017-07-30,0.2912292657420039
2017-07-31,0.29122200421988964
2017-08-01,0.29121474269777536
2017-08-02,0.2912074811756611
2017-08-03,0.2912002196535468
2017-08-04,0.29119295813143253
2017-08-05,0.29118569660931826
2017-08-06,0.291178435087204
2017-08-07,0.2911711735650897
2017-08-08,0.2911639120429754
2017-08-09,0.29115665052086115
2017-08-10,0.29114938899874687
2017-08-11,0.2911421274766326
2017-08-12,0.2911348659545183
2017-08-13,0.29112760443240404
2017-08-14,0.29112034291028976
2017-08-15,0.2911130813881755
2017-08-16,0.2911058198660612
2017-08-17,0.29109855834394693
2017-08-18,0.29109129682183266
2017-08-19,0.2910840352997184
2017-08-20,0.2910767737776041
2017-08-21,0.2910695122554898
2017-08-22,0.29106225073337555
2017-08-23,0.2910549892112613
2017-08-24,0.291047727689147
2017-08-25,0.2910404661670327
2017-08-26,0.29103320464491844
2017-08-27,0.29102594312280416
2017-08-28,0.2910186816006899
2017-08-29,0.2910114200785756
2017-08-30,0.29100415855646133
2017-08-31,0.29099689703434706
2017-09-01,0.2909896355122328
2017-09-02,0.2909823739901185
2017-09-03,0.2909751124680042
2017-09-04,0.29096785094588995
2017-09-05,0.2909605894237757
2017-09-06,0.2909533279016614
2017-09-07,0.2909460663795471
2017-09-08,0.29093880485743284
2017-09-09,0.29093154333531857
2017-09-10,0.2909242818132043
2017-09-11,0.29091702029109
2017-09-12,0.29090975876897573
2017-09-13,0.29090249724686146
2017-09-14,0.2908952357247472
2017-09-15,0.2908879742026329
2017-09-16,0.2908807126805186
2017-09-17,0.29087345115840435
2017-09-18,0.2908661896362901
2017-09-19,0.2908589281141758
2017-09-20,0.2908516665920615
2017-09-21,0.29084440506994724
2017-09-22,0.29083714354783297
2017-09-23,0.2908298820257187
2017-09-24,0.2908226205036044
2017-09-25,0.29081535898149014
2017-09-26,0.29080809745937586
2017-09-27,0.2908008359372616
2017-09-28,0.2907935744151473
2017-09-29,0.290786312893033
2017-09-30,0.29077905137091875
2017-10-01,0.2907717898488045
2017-10-02,0.2907645283266902
2017-10-03,0.2907572668045759
2017-10-04,0.29075000528246164
2017-10-05,0.29074274376034737
2017-10-06,0.2907354822382331
2017-10-07,0.2907282207161188
2017-10-08,0.29072095919400454
2017-10-09,0.29071369767189026
2017-10-10,0.2895829021930695
2017-10-11,0.28845210671424865
2017-10-12,0.28732131123542787
2017-10-13,0.28619051575660703
2017-10-14,0.28505972027778625
2017-10-15,0.2810511291027069
2017-10-16,0.27704253792762756
2017-10-17,0.27747456156290495
2017-10-18,0.27790658519818234
2017-10-19,0.27833860883345973
2017-10-20,0.27877063246873707
2017-10-21,0.27920265610401446
2017-10-22,0.27963467973929185
2017-10-23,0.28006670337456924
2017-10-24,0.2804987270098466
2017-10-25,0.280930750645124
2017-10-26,0.28136277428040135
2017-10-27,0.28179479791567874
2017-10-28,0.28222682155095613
2017-10-29,0.2826588451862335
2017-10-30,0.2827087104320526
2017-10-31,0.2827585756778717
2017-11-01,0.2828084409236908
2017-11-02,0.2828583061695099
2017-11-03,0.282908171415329
2017-11-04,0.2784043401479721
2017-11-05,0.27390050888061523
2017-11-06,0.283764523267746
2017-11-07,0.29362853765487673
2017-11-08,0.3034925520420074
2017-11-09,0.3133565664291382
2017-11-10,0.3232205808162689
2017-11-11,0.32431234419345856
2017-11-12,0.3254041075706482
2017-11-13,0.32649587094783783
2017-11-14,0.32758763432502747
2017-11-15,0.3286793977022171
2017-11-16,0.32977116107940674
2017-11-17,0.3308629244565964
2017-11-18,0.331954687833786
2017-11-19,0.32674379348754884
2017-11-20,0.32153289914131167
2017-11-21,0.31632200479507444
2017-11-22,0.31111111044883727
2017-11-23,0.3059002161026001
2017-11-24,0.3105393797159195
2017-11-25,0.3151785433292389
2017-11-26,0.3143478532632192
2017-11-27,0.3135171631971995
2017-11-28,0.3126864731311798
2017-11-29,0.303490474820137
2017-11-30,0.29429447650909424
2017-12-01,0.2961367890238762
2017-12-02,0.29797910153865814
2017-12-03,0.2998214140534401
2017-12-04,0.30166372656822205
2017-12-05,0.303506039083004
2017-12-06,0.30534835159778595
2017-12-07,0.3071906641125679
2017-12-08,0.30903297662734985
2017-12-09,0.30899639129638673
2017-12-10,0.3089598059654236
2017-12-11,0.3089232206344604
2017-12-12,0.3088866353034973
2017-12-13,0.3088500499725342
2017-12-14,0.30348777770996094
2017-12-15,0.2981255054473877
2017-12-16,0.29832525159183304
2017-12-17,0.29852499773627833
2017-12-18,0.2987247438807237
2017-12-19,0.29892449002516897
2017-12-20,0.2991242361696143
2017-12-21,0.2993239823140596
2017-12-22,0.29952372845850495
2017-12-23,0.29972347460295024
2017-12-24,0.2999232207473956
2017-12-25,0.30012296689184087
2017-12-26,0.3003227130362862
2017-12-27,0.3005224591807315
2017-12-28,0.30072220532517685
2017-12-29,0.30092195146962214
2017-12-30,0.3011216976140675
2017-12-31,0.3013214437585128
2018-01-01,0.3015211899029581
2018-01-02,0.3017209360474034
2018-01-03,0.30192068219184875
2018-01-04,0.3021204283362941
2018-01-05,0.3023201744807394
2018-01-06,0.30251992062518474
2018-01-07,0.30271966676963
2018-01-08,0.30291941291407537
2018-01-09,0.30311915905852066
2018-01-10,0.303318905202966
2018-01-11,0.3035186513474113
2018-01-12,0.30371839749185664
2018-01-13,0.30391814363630193
2018-01-14,0.3041178897807473
2018-01-15,0.30431763592519256
2018-01-16,0.3045173820696379
2018-01-17,0.3047171282140832
2018-01-18,0.30491687435852854
2018-01-19,0.30511662050297383
2018-01-20,0.3053163666474192
2018-01-21,0.30551611279186447
2018-01-22,0.3057158589363098
2018-01-23,0.3079746961593628
2018-01-24,0.31023353338241577
2018-01-25,0.3088263471921285
2018-01-26,0.30741916100184125
2018-01-27,0.30601197481155396
2018-01-28,0.30460478862126666
2018-01-29,0.30319760243097943
2018-01-30,0.30179041624069214
2018-01-31,0.30038323005040485
2018-02-01,0.2989760438601176
2018-02-02,0.2975688576698303
2018-02-03,0.29616167147954303
2018-02-04,0.2947544852892558
2018-02-05,0.2933472990989685
2018-02-06,0.2919401129086812
2018-02-07,0.290532926718394
2018-02-08,0.2891257405281067
2018-02-09,0.2914549186825752
2018-02-10,0.29378409683704376
2018-02-11,0.2961132749915123
2018-02-12,0.29844245314598083
2018-02-13,0.30077163130044937
2018-02-14,0.3031008094549179
2018-02-15,0.30542998760938644
2018-02-16,0.307759165763855
2018-02-17,0.30927418172359467
2018-02-18,0.31078919768333435
2018-02-19,0.2958651582400004
2018-02-20,0.28094111879666644
2018-02-21,0.2660170793533325
2018-02-22,0.28359799087047577
2018-02-23,0.301178902387619
2018-02-24,0.3038965662320455
2018-02-25,0.306614230076472
2018-02-26,0.30933189392089844
2018-02-27,0.3113347589969635
2018-02-28,0.31333762407302856
2018-03-01,0.3052523632844289
2018-03-02,0.2971671024958293
2018-03-03,0.2890818417072296
2018-03-04,0.28334832191467285
2018-03-05,0.2776148021221161
2018-03-06,0.2853614290555318
2018-03-07,0.29310805598894757
2018-03-08,0.3008546829223633
2018-03-09,0.29721635580062866
2018-03-10,0.29357802867889404
2018-03-11,0.2899276812871297
2018-03-12,0.2862773338953654
2018-03-13,0.2826269865036011
2018-03-14,0.2852052688598633
2018-03-15,0.2877835512161255
2018-03-16,0.2903618335723877
2018-03-17,0.2929401159286499
2018-03-18,0.2955183982849121
2018-03-19,0.297540619969368
2018-03-20,0.29956284165382385
2018-03-21,0.2960875829060872
2018-03-22,0.29261232415835065
2018-03-23,0.289137065410614
2018-03-24,0.3011583685874939
2018-03-25,0.3131796717643738
2018-03-26,0.3123577932516734
2018-03-27,0.31153591473897296
2018-03-28,0.3107140362262726
2018-03-29,0.2989867925643921
2018-03-30,0.2872595489025116
2018-03-31,0.2894819180170695
2018-04-01,0.2917042871316274
2018-04-02,0.2939266562461853
2018-04-03,0.28866422176361084
2018-04-04,0.2834017872810364
2018-04-05,0.28344475229581195
2018-04-06,0.2834877173105876
2018-04-07,0.28353068232536316
2018-04-08,0.28319767117500305
2018-04-09,0.28286466002464294
2018-04-10,0.2834804058074951
2018-04-11,0.2840961515903473
2018-04-12,0.28471189737319946
2018-04-13,0.28532764315605164
2018-04-14,0.2859433889389038
2018-04-15,0.2859433889389038
2018-04-16,0.2859433889389038
2018-04-17,0.2859433889389038
2018-04-18,0.2859433889389038
2018-04-19,0.2859433889389038
2018-04-20,0.2791887621084849
2018-04-21,0.272434135278066
2018-04-22,0.2656795084476471
2018-04-23,0.2801971584558487
2018-04-24,0.2947148084640503
2018-04-25,0.30701931317647296
2018-04-26,0.3193238178888957
2018-04-27,0.33162832260131836
2018-04-28,0.3202154338359833
2018-04-29,0.3088025450706482
2018-04-30,0.2998637954394023
2018-05-01,0.2909250458081563
2018-05-02,0.2819862961769104
2018-05-03,0.2811651647090912
2018-05-04,0.280344033241272
2018-05-05,0.27952290177345274
2018-05-06,0.27870177030563353
2018-05-07,0.27788063883781433
2018-05-08,0.28462401032447815
2018-05-09,0.29136738181114197
2018-05-10,0.2928183972835541
2018-05-11,0.2942694127559662
2018-05-12,0.2957204282283783
2018-05-13,0.31829337775707245
2018-05-14,0.3408663272857666
2018-05-15,0.3331504464149475
2018-05-16,0.3254345655441284
2018-05-17,0.3177186846733093
2018-05-18,0.34941138327121735
2018-05-19,0.38110408186912537
2018-05-20,0.38513774673144024
2018-05-21,0.38917141159375507
2018-05-22,0.39320507645606995
2018-05-23,0.39320507645606995
2018-05-24,0.39320507645606995
2018-05-25,0.3924060821533203
2018-05-26,0.3916070878505707
2018-05-27,0.39080809354782103
2018-05-28,0.39000909924507143
2018-05-29,0.3892101049423218
2018-05-30,0.3884111106395721
2018-05-31,0.3876121163368225
2018-06-01,0.38681312203407286
2018-06-02,0.38601412773132326
2018-06-03,0.3852151334285736
2018-06-04,0.3792170584201813
2018-06-05,0.37321898341178894
2018-06-06,0.3672209084033966
2018-06-07,0.3558209419250488
2018-06-08,0.344420975446701
2018-06-09,0.3330210089683533
2018-06-10,0.3216210424900055
2018-06-11,0.3102210760116577
2018-06-12,0.2911908030509949
2018-06-13,0.27216053009033203
2018-06-14,0.27216053009033203
2018-06-15,0.27216053009033203
2018-06-16,0.27216053009033203
2018-06-17,0.27216053009033203
2018-06-18,0.27216053009033203
2018-06-19,0.27216053009033203
2018-06-20,0.27216053009033203
2018-06-21,0.27216053009033203
2018-06-22,0.27265808617367465
2018-06-23,0.2731556422570173
2018-06-24,0.27365319834035984
2018-06-25,0.27415075442370246
2018-06-26,0.2746483105070451
2018-06-27,0.2751458665903877
2018-06-28,0.27564342267373027
2018-06-29,0.2761409787570729
2018-06-30,0.2766385348404155
2018-07-01,0.2771360909237581
2018-07-02,0.27763364700710075
2018-07-03,0.2781312030904433
2018-07-04,0.27862875917378593
2018-07-05,0.27912631525712855
2018-07-06,0.2796238713404712
2018-07-07,0.28012142742381374
2018-07-08,0.28061898350715636
2018-07-09,0.281116539590499
2018-07-10,0.2816140956738416
2018-07-11,0.2821116517571842
2018-07-12,0.2826092078405268
2018-07-13,0.2831067639238694
2018-07-14,0.28360432000721203
2018-07-15,0.28410187609055465
2018-07-16,0.2845994321738972
2018-07-17,0.28509698825723984
2018-07-18,0.28559454434058246
2018-07-19,0.2860921004239251
2018-07-20,0.2865896565072677
2018-07-21,0.28708721259061026
2018-07-22,0.2875847686739529
2018-07-23,0.2880823247572955
2018-07-24,0.2885798808406381
2018-07-25,0.2890774369239807
2018-07-26,0.2895749930073233
2018-07-27,0.29007254909066593
2018-07-28,0.29057010517400855
2018-07-29,0.2910676612573512
2018-07-30,0.29156521734069374
2018-07-31,0.29206277342403636
2018-08-01,0.292560329507379
2018-08-02,0.2930578855907216
2018-08-03,0.29355544167406417
2018-08-04,0.2940529977574068
2018-08-05,0.2945505538407494
2018-08-06,0.29504810992409203
2018-08-07,0.29554566600743465
2018-08-08,0.2960432220907772
2018-08-09,0.29654077817411983
2018-08-10,0.29703833425746246
2018-08-11,0.2975358903408051
2018-08-12,0.29803344642414764
2018-08-13,0.29853100250749026
2018-08-14,0.2990285585908329
2018-08-15,0.2995261146741755
2018-08-16,0.3000236707575181
2018-08-17,0.3005212268408607
2018-08-18,0.3010187829242033
2018-08-19,0.30151633900754593
2018-08-20,0.30201389509088855
2018-08-21,0.3025114511742311
2018-08-22,0.30300900725757374
2018-08-23,0.30350656334091636
2018-08-24,0.304004119424259
2018-08-25,0.30450167550760154
2018-08-26,0.30499923159094416
2018-08-27,0.3054967876742868
2018-08-28,0.3059943437576294
2018-08-29,0.306491899840972
2018-08-30,0.3069894559243146
2018-08-31,0.3074870120076572
2018-09-01,0.30798456809099983
2018-09-02,0.30848212417434245
2018-09-03,0.3089796802576851
2018-09-04,0.30947723634102764
2018-09-05,0.30997479242437026
2018-09-06,0.3104723485077129
2018-09-07,0.3109699045910555
2018-09-08,0.31146746067439807
2018-09-09,0.3119650167577407
2018-09-10,0.3124625728410833
2018-09-11,0.31296012892442593
2018-09-12,0.3134576850077685
2018-09-13,0.3139552410911111
2018-09-14,0.31445279717445374
2018-09-15,0.30899982452392577
2018-09-16,0.3035468518733978
2018-09-17,0.2980938792228699
2018-09-18,0.29264090657234193
2018-09-19,0.28718793392181396
2018-09-20,0.2852338492870331
2018-09-21,0.2832797646522522
2018-09-22,0.2813256800174713
2018-09-23,0.2793715953826904
2018-09-24,0.27741751074790955
2018-09-25,0.2754634261131287
2018-09-26,0.27350934147834777
2018-09-27,0.2715552568435669
2018-09-28,0.269601172208786
2018-09-29,0.2676470875740051
2018-09-30,0.2825039178133011
2018-10-01,0.29736074805259705
2018-10-02,0.30027971665064496
2018-10-03,0.3031986852486928
2018-10-04,0.3061176538467407
2018-10-05,0.32017378509044647
2018-10-06,0.3342299163341522
2018-10-07,0.331516582518816
2018-10-08,0.32880324870347977
2018-10-09,0.32608991488814354
2018-10-10,0.3233765810728073
2018-10-11,0.3206632472574711
2018-10-12,0.31794991344213486
2018-10-13,0.31523657962679863
2018-10-14,0.3125232458114624
2018-10-15,0.31823107600212097
2018-10-16,0.32393890619277954
2018-10-17,0.32135819395383197
2018-10-18,0.31877748171488446
2018-10-19,0.3161967694759369
2018-10-20,0.29921986162662506
2018-10-21,0.28224295377731323
2018-10-22,0.291334201892217
2018-10-23,0.3004254500071208
2018-10-24,0.30951669812202454
2018-10-25,0.309280201792717
2018-10-26,0.3090437054634094
2018-10-27,0.3094625274340312
2018-10-28,0.3098813494046529
2018-10-29,0.31030017137527466
2018-10-30,0.29595403373241425
2018-10-31,0.28160789608955383
2018-11-01,0.2765753328800201
2018-11-02,0.27154276967048646
2018-11-03,0.26651020646095275
2018-11-04,0.2614776432514191
2018-11-05,0.2564450800418854
2018-11-06,0.2607460717360179
2018-11-07,0.26504706343015033
2018-11-08,0.26934805512428284
2018-11-09,0.26979629695415497
2018-11-10,0.2702445387840271
2018-11-11,0.2692252039909363
2018-11-12,0.26820586919784545
2018-11-13,0.26718653440475465
2018-11-14,0.2661671996116638
2018-11-15,0.265147864818573
2018-11-16,0.26230854789415997
2018-11-17,0.2594692309697469
2018-11-18,0.25662991404533386
2018-11-19,0.26092229783535004
2018-11-20,0.2652146816253662
2018-11-21,0.2650436560312907
2018-11-22,0.26487263043721515
2018-11-23,0.26470160484313965
2018-11-24,0.2700337916612625
2018-11-25,0.2753659784793854
2018-11-26,0.2759139649569988
2018-11-27,0.2764619514346123
2018-11-28,0.2770099379122257
2018-11-29,0.2775579243898392
2018-11-30,0.2781059108674526
2018-12-01,0.27865389734506607
2018-12-02,0.2792018838226795
2018-12-03,0.27974987030029297
2018-12-04,0.2815083384513855
2018-12-05,0.28326680660247805
2018-12-06,0.28502527475357053
2018-12-07,0.2867837429046631
2018-12-08,0.2885422110557556
2018-12-09,0.30042731761932373
2018-12-10,0.31231242418289185
2018-12-11,0.31059669256210326
2018-12-12,0.3088809609413147
2018-12-13,0.30716522932052615
2018-12-14,0.30544949769973756
2018-12-15,0.303733766078949
2018-12-16,0.30306542913119
2018-12-17,0.30239709218343097
2018-12-18,0.301728755235672
2018-12-19,0.2887961119413376
2018-12-20,0.2758634686470032
2018-12-21,0.27668241659800213
2018-12-22,0.27750136454900104
2018-12-23,0.2783203125
2018-12-24,0.28213760256767273
2018-12-25,0.28595489263534546
2018-12-26,0.2852689226468404
2018-12-27,0.2845829526583354
2018-12-28,0.2838969826698303
2018-12-29,0.2956889420747757
2018-12-30,0.30748090147972107
2018-12-31,0.30773796637852985
2019-01-01,0.3079950312773387
2019-01-02,0.30825209617614746
2019-01-03,0.3086794465780258
2019-01-04,0.3091067969799042
2019-01-05,0.3065013289451599
2019-01-06,0.30389586091041565
2019-01-07,0.3012903928756714
2019-01-08,0.2986849248409271
2019-01-09,0.29607945680618286
2019-01-10,0.2944626311461131
2019-01-11,0.2928458054860433
2019-01-12,0.2912289798259735
2019-01-13,0.2941923886537552
2019-01-14,0.29715579748153687
2019-01-15,0.2926774521668752
2019-01-16,0.28819910685221356
2019-01-17,0.2837207615375519
2019-01-18,0.2827885299921036
2019-01-19,0.2818562984466553
2019-01-20,0.28309247493743894
2019-01-21,0.28432865142822267
2019-01-22,0.28556482791900634
2019-01-23,0.28680100440979006
2019-01-24,0.28803718090057373
2019-01-25,0.2928606669108073
2019-01-26,0.29768415292104083
2019-01-27,0.3025076389312744
2019-01-28,0.29824668169021606
2019-01-29,0.2939857244491577
2019-01-30,0.2939857244491577
2019-01-31,0.2939857244491577
2019-02-01,0.2939857244491577
2019-02-02,0.2945365144146813
2019-02-03,0.2950873043802049
2019-02-04,0.2956380943457286
2019-02-05,0.2961888843112522
2019-02-06,0.2967396742767758
2019-02-07,0.2972904642422994
2019-02-08,0.29784125420782304
2019-02-09,0.29839204417334664
2019-02-10,0.29894283413887024
2019-02-11,0.29949362410439384
2019-02-12,0.30004441406991744
2019-02-13,0.3005952040354411
2019-02-14,0.3011459940009647
2019-02-15,0.3016967839664883
2019-02-16,0.3022475739320119
2019-02-17,0.30279836389753556
2019-02-18,0.30334915386305916
2019-02-19,0.30389994382858276
2019-02-20,0.30445073379410637
2019-02-21,0.30500152375962997
2019-02-22,0.3055523137251536
2019-02-23,0.3061031036906772
2019-02-24,0.3066538936562008
2019-02-25,0.30720468362172443
2019-02-26,0.3077554735872481
2019-02-27,0.3083062635527717
2019-02-28,0.3088570535182953
2019-03-01,0.30753806233406067
2019-03-02,0.30621907114982605
2019-03-03,0.30490007996559143
2019-03-04,0.3035810887813568
2019-03-05,0.3022620975971222
2019-03-06,0.2965720295906067
2019-03-07,0.2908819615840912
2019-03-08,0.2851918935775757
2019-03-09,0.2938331365585327
2019-03-10,0.30247437953948975
2019-03-11,0.29880144198735553
2019-03-12,0.2951285044352214
2019-03-13,0.29145556688308716
2019-03-14,0.29223719239234924
2019-03-15,0.29301881790161133
2019-03-16,0.2906438410282135
2019-03-17,0.2882688641548157
2019-03-18,0.28589388728141785
2019-03-19,0.279191792011261
2019-03-20,0.2724896967411041
2019-03-21,0.2717359662055969
2019-03-22,0.2709822356700897
2019-03-23,0.2702285051345825
2019-03-24,0.2687914431095123
2019-03-25,0.26735438108444215
2019-03-26,0.26591731905937194
2019-03-27,0.2644802570343018
2019-03-28,0.26304319500923157
2019-03-29,0.2800815850496292
2019-03-30,0.29711997509002686
2019-03-31,0.3005246162414551
2019-04-01,0.3039292573928833
2019-04-02,0.30733389854431153
2019-04-03,0.3107385396957397
2019-04-04,0.31414318084716797
2019-04-05,0.31397422552108767
2019-04-06,0.3138052701950073
2019-04-07,0.313636314868927
2019-04-08,0.31346735954284666
2019-04-09,0.31329840421676636
2019-04-10,0.304519643386205
2019-04-11,0.29574088255564374
2019-04-12,0.2869621217250824
2019-04-13,0.293396919965744
2019-04-14,0.29983171820640564
2019-04-15,0.29927452802658083
2019-04-16,0.29871733784675597
2019-04-17,0.29816014766693116
2019-04-18,0.2976029574871063
2019-04-19,0.2970457673072815
2019-04-20,0.2971830765406291
2019-04-21,0.2973203857739766
2019-04-22,0.2974576950073242
2019-04-23,0.28326110541820526
2019-04-24,0.2690645158290863
2019-04-25,0.26910410324732464
2019-04-26,0.26914369066556293
2019-04-27,0.26918327808380127
2019-04-28,0.2822909504175186
2019-04-29,0.29539862275123596
2019-04-30,0.2882336576779683
2019-05-01,0.28106869260470074
2019-05-02,0.2739037275314331
2019-05-03,0.28262877464294434
2019-05-04,0.29135382175445557
2019-05-05,0.306144913037618
2019-05-06,0.32093600432078045
2019-05-07,0.33572709560394287
2019-05-08,0.3124883323907852
2019-05-09,0.28924956917762756
2019-05-10,0.289430296421051
2019-05-11,0.2896110236644745
2019-05-12,0.28979175090789794
2019-05-13,0.28997247815132143
2019-05-14,0.2901532053947449
2019-05-15,0.2903339326381683
2019-05-16,0.2905146598815918
2019-05-17,0.29069538712501525
2019-05-18,0.29087611436843874
2019-05-19,0.2910568416118622
2019-05-20,0.29664968848228457
2019-05-21,0.3022425353527069
2019-05-22,0.3078353822231293
2019-05-23,0.3134282290935516
2019-05-24,0.319021075963974
2019-05-25,0.3123052716255188
2019-05-26,0.3055894672870636
2019-05-27,0.2988736629486084
2019-05-28,0.28775596618652344
2019-05-29,0.2766382694244385
2019-05-30,0.27952803174654645
2019-05-31,0.28241779406865436
2019-06-01,0.28530755639076233
2019-06-02,0.2829302251338959
2019-06-03,0.2805528938770294
2019-06-04,0.2805528938770294
2019-06-05,0.2805528938770294
2019-06-06,0.2805528938770294
2019-06-07,0.2945799231529236
2019-06-08,0.30860695242881775
2019-06-09,0.3126252790292104
2019-06-10,0.3166436056296031
2019-06-11,0.3206619322299957
2019-06-12,0.32030442655086516
2019-06-13,0.3199469208717346
2019-06-14,0.3195894151926041
2019-06-15,0.3192319095134735
2019-06-16,0.31887440383434296
2019-06-17,0.3185168981552124
2019-06-18,0.3181593924760818
2019-06-19,0.3178018867969513
2019-06-20,0.31744438111782075
2019-06-21,0.3170868754386902
2019-06-22,0.3118079900741577
2019-06-23,0.30652910470962524
2019-06-24,0.3012502193450928
2019-06-25,0.2959713339805603
2019-06-26,0.29069244861602783
2019-06-27,0.28541356325149536
2019-06-28,0.2801346778869629
2019-06-29,0.2801346778869629
2019-06-30,0.2801346778869629
2019-07-01,0.2801346778869629
2019-07-02,0.2801346778869629
2019-07-03,0.2801346778869629
2019-07-04,0.2801346778869629
2019-07-05,0.2801346778869629
2019-07-06,0.2801346778869629
2019-07-07,0.2801346778869629
2019-07-08,0.2801346778869629
2019-07-09,0.2801346778869629
2019-07-10,0.2801346778869629
2019-07-11,0.2801346778869629
2019-07-12,0.2801346778869629
2019-07-13,0.2801346778869629
2019-07-14,0.2801346778869629
2019-07-15,0.2801346778869629
2019-07-16,0.2801346778869629
2019-07-17,0.2801346778869629
2019-07-18,0.2801346778869629
2019-07-19,0.2801346778869629
2019-07-20,0.2801346778869629
2019-07-21,0.2801346778869629
2019-07-22,0.2801346778869629
2019-07-23,0.2801346778869629
2019-07-24,0.2801346778869629
2019-07-25,0.2801346778869629
2019-07-26,0.2801346778869629
2019-07-27,0.2801346778869629
2019-07-28,0.2801346778869629
2019-07-29,0.2801346778869629
2019-07-30,0.2801346778869629
2019-07-31,0.2801346778869629
2019-08-01,0.2801346778869629
2019-08-02,0.2801346778869629
2019-08-03,0.2801346778869629
2019-08-04,0.2801346778869629
2019-08-05,0.2801346778869629
2019-08-06,0.2801346778869629
2019-08-07,0.2801346778869629
2019-08-08,0.2801346778869629
2019-08-09,0.2801346778869629
2019-08-10,0.2801346778869629
2019-08-11,0.2801346778869629
2019-08-12,0.2801346778869629
2019-08-13,0.2801346778869629
2019-08-14,0.2801346778869629
2019-08-15,0.2801346778869629
2019-08-16,0.2801346778869629
2019-08-17,0.2801346778869629
2019-08-18,0.2801346778869629
2019-08-19,0.2801346778869629
2019-08-20,0.2801346778869629
2019-08-21,0.2801346778869629
2019-08-22,0.2801346778869629
2019-08-23,0.2801346778869629
2019-08-24,0.2801346778869629
2019-08-25,0.2801346778869629
2019-08-26,0.2801346778869629
2019-08-27,0.2801346778869629
2019-08-28,0.2801346778869629
2019-08-29,0.2801346778869629
2019-08-30,0.2801346778869629
2019-08-31,0.2801346778869629
2019-09-01,0.2801346778869629
2019-09-02,0.2801346778869629
2019-09-03,0.2801346778869629
2019-09-04,0.2801346778869629
2019-09-05,0.2801346778869629
2019-09-06,0.2801346778869629
2019-09-07,0.2801346778869629
2019-09-08,0.2801346778869629
2019-09-09,0.2801346778869629
2019-09-10,0.2801346778869629
2019-09-11,0.2801346778869629
2019-09-12,0.2801346778869629
2019-09-13,0.2801346778869629
2019-09-14,0.2801346778869629
2019-09-15,0.2801346778869629
2019-09-16,0.2801346778869629
2019-09-17,0.2801346778869629
2019-09-18,0.2801346778869629
2019-09-19,0.2801346778869629
2019-09-20,0.2801346778869629
2019-09-21,0.2801346778869629
2019-09-22,0.2801346778869629
2019-09-23,0.2801346778869629
2019-09-24,0.2801346778869629
2019-09-25,0.2801346778869629
2019-09-26,0.2801346778869629
2019-09-27,0.2801346778869629
2019-09-28,0.2801346778869629
2019-09-29,0.2801346778869629
2019-09-30,0.2801346778869629
2019-10-01,0.2801346778869629
2019-10-02,0.2801346778869629
2019-10-03,0.2801346778869629
2019-10-04,0.2801346778869629
2019-10-05,0.27970420718193056
2019-10-06,0.2792737364768982
2019-10-07,0.27884326577186586
2019-10-08,0.2784127950668335
2019-10-09,0.27798232436180115
2019-10-10,0.27849820256233215
2019-10-11,0.27901408076286316
2019-10-12,0.2951410512129466
2019-10-13,0.31126802166302997
2019-10-14,0.3273949921131134
2019-10-15,0.3211766332387924
2019-10-16,0.31495827436447144
2019-10-17,0.317364364862442
2019-10-18,0.3197704553604126
2019-10-19,0.3221765458583832
2019-10-20,0.32458263635635376
2019-10-21,0.32698872685432434
2019-10-22,0.3293948173522949
2019-10-23,0.3318009078502655
2019-10-24,0.3342069983482361
2019-10-25,0.3329455018043518
2019-10-26,0.33168400526046754
2019-10-27,0.33042250871658324
2019-10-28,0.329161012172699
2019-10-29,0.3278995156288147
2019-10-30,0.3266380190849304
2019-10-31,0.32537652254104615
2019-11-01,0.32411502599716185
2019-11-02,0.3228535294532776
2019-11-03,0.3215920329093933
2019-11-04,0.3215920329093933
2019-11-05,0.3215920329093933
2019-11-06,0.32903801401456195
2019-11-07,0.33648399511973065
2019-11-08,0.3439299762248993
2019-11-09,0.29720689356327057
2019-11-10,0.25048381090164185
2019-11-11,0.23723093867301942
2019-11-12,0.22397806644439697
2019-11-13,0.21072519421577454
2019-11-14,0.1974723219871521
2019-11-15,0.18421944975852966
2019-11-16,0.18532443344593047
2019-11-17,0.1864294171333313
2019-11-18,0.1875344008207321
2019-11-19,0.18863938450813295
2019-11-20,0.18974436819553375
2019-11-21,0.18739526271820067
2019-11-22,0.18504615724086762
2019-11-23,0.18269705176353454
2019-11-24,0.1803479462862015
2019-11-25,0.1779988408088684
2019-11-26,0.17564973533153533
2019-11-27,0.17330062985420228
2019-11-28,0.1709515243768692
2019-11-29,0.16860241889953614
2019-11-30,0.16625331342220306
2019-12-01,0.17494664092858633
2019-12-02,0.18363996843496957
2019-12-03,0.19233329594135284
2019-12-04,0.191860568523407
2019-12-05,0.19138784110546112
2019-12-06,0.19091511368751526
2019-12-07,0.19044238626956939
2019-12-08,0.18996965885162354
2019-12-09,0.19010836631059647
2019-12-10,0.1902470737695694
2019-12-11,0.1963981568813324
2019-12-12,0.2025492399930954
2019-12-13,0.2087003231048584
2019-12-14,0.2148514062166214
2019-12-15,0.2210024893283844
2019-12-16,0.2271535724401474
2019-12-17,0.2333046555519104
2019-12-18,0.2394557386636734
2019-12-19,0.2456068217754364
2019-12-20,0.2517579048871994
2019-12-21,0.2579089879989624
2019-12-22,0.2640600711107254
2019-12-23,0.2702111542224884
2019-12-24,0.2763622373342514
2019-12-25,0.2825133204460144
2019-12-26,0.2886644035577774
2019-12-27,0.2948154866695404
2019-12-28,0.30096656978130343
2019-12-29,0.3071176528930664
2019-12-30,0.3132687360048294
2019-12-31,0.31941981911659245
2020-01-01,0.3255709022283554
2020-01-02,0.33172198534011843
2020-01-03,0.3378730684518814
2020-01-04,0.3440241515636444
2020-01-05,0.34457058885267805
2020-01-06,0.34511702614171164
2020-01-07,0.3456634634307453
2020-01-08,0.34620990071977886
2020-01-09,0.3467563380088125
2020-01-10,0.3473027752978461
2020-01-11,0.34784921258687973
2020-01-12,0.34839564987591337
2020-01-13,0.34894208716494696
2020-01-14,0.3494885244539806
2020-01-15,0.3500349617430142
2020-01-16,0.3505813990320478
2020-01-17,0.3511278363210814
2020-01-18,0.35167427361011505
2020-01-19,0.3522207108991487
2020-01-20,0.3527671481881823
2020-01-21,0.3533135854772159
2020-01-22,0.3538600227662495
2020-01-23,0.35440646005528315
2020-01-24,0.35495289734431673
2020-01-25,0.3554993346333504
2020-01-26,0.356045771922384
2020-01-27,0.3565922092114176
2020-01-28,0.35713864650045124
2020-01-29,0.3576850837894848
2020-01-30,0.35823152107851847
2020-01-31,0.35877795836755205
2020-02-01,0.3593243956565857
2020-02-02,0.3577783554792404
2020-02-03,0.35623231530189514
2020-02-04,0.35669421156247455
2020-02-05,0.357156107823054
2020-02-06,0.3576180040836334
2020-02-07,0.32852722704410553
2020-02-08,0.29943645000457764
2020-02-09,0.29647435744603473
2020-02-10,0.2935122648874919
2020-02-11,0.290550172328949
2020-02-12,0.28722237050533295
2020-02-13,0.2838945686817169
2020-02-14,0.2843301296234131
2020-02-15,0.28476569056510925
2020-02-16,0.2852012515068054
2020-02-17,0.30915623903274536
2020-02-18,0.3331112265586853
2020-02-19,0.3304684221744537
2020-02-20,0.3278256177902222
2020-02-21,0.3251828134059906
2020-02-22,0.32254000902175906
2020-02-23,0.31989720463752747
2020-02-24,0.31989720463752747
2020-02-25,0.31989720463752747
2020-02-26,0.31989720463752747
2020-02-27,0.31989720463752747
2020-02-28,0.31989720463752747
2020-02-29,0.31989720463752747
2020-03-01,0.31989720463752747
2020-03-02,0.31989720463752747
2020-03-03,0.3121359795331955
2020-03-04,0.3043747544288635
2020-03-05,0.3037903606891632
2020-03-06,0.3032059669494629
2020-03-07,0.3026215732097626
2020-03-08,0.30203717947006226
2020-03-09,0.30145278573036194
2020-03-10,0.30246193210283917
2020-03-11,0.30347107847531635
2020-03-12,0.3044802248477936
2020-03-13,0.3039044916629791
2020-03-14,0.30332875847816465
2020-03-15,0.30275302529335024
2020-03-16,0.3021772921085358
2020-03-17,0.3016015589237213
2020-03-18,0.3106936991214752
2020-03-19,0.3197858393192291
2020-03-20,0.32887797951698305
2020-03-21,0.33797011971473695
2020-03-22,0.34706225991249084
2020-03-23,0.32187803089618683
2020-03-24,0.2966938018798828
2020-03-25,0.2973820805549622
2020-03-26,0.2980703592300415
2020-03-27,0.29875863790512086
2020-03-28,0.2994469165802002
2020-03-29,0.30013519525527954
2020-03-30,0.2955630123615265
2020-03-31,0.29099082946777344
2020-04-01,0.2864186465740204
2020-04-02,0.31355634331703186
2020-04-03,0.34069404006004333
2020-04-04,0.3320763409137726
2020-04-05,0.32345864176750183
2020-04-06,0.3148409426212311
2020-04-07,0.30797293186187746
2020-04-08,0.3011049211025238
2020-04-09,0.2942369103431702
2020-04-10,0.2873688995838165
2020-04-11,0.2805008888244629
2020-04-12,0.2883275896310806
2020-04-13,0.29615429043769836
2020-04-14,0.3090191086133321
2020-04-15,0.3218839267889659
2020-04-16,0.3347487449645996
2020-04-17,0.34678915739059446
2020-04-18,0.35882956981658937
2020-04-19,0.3708699822425842
2020-04-20,0.3829103946685791
2020-04-21,0.394950807094574
2020-04-22,0.38625519573688505
2020-04-23,0.3775595843791962
2020-04-24,0.36886397302150725
2020-04-25,0.3601683616638184
2020-04-26,0.35147275030612946
2020-04-27,0.34277713894844053
2020-04-28,0.33408152759075166
2020-04-29,0.32538591623306273
2020-04-30,0.31669030487537386
2020-05-01,0.30799469351768494
2020-05-02,0.31016336679458617
2020-05-03,0.3123320400714874
2020-05-04,0.3145007133483887
2020-05-05,0.31666938662528993
2020-05-06,0.31883805990219116
2020-05-07,0.3163244426250458
2020-05-08,0.3138108253479004
2020-05-09,0.33569300174713135
2020-05-10,0.3575751781463623
2020-05-11,0.37945735454559326
2020-05-12,0.3642296612262726
2020-05-13,0.3490019679069519
2020-05-14,0.3337742745876312
2020-05-15,0.31854658126831054
2020-05-16,0.30331888794898987
2020-05-17,0.3078370153903961
2020-05-18,0.3123551428318024
2020-05-19,0.3168732702732086
2020-05-20,0.3213913977146149
2020-05-21,0.3259095251560211
2020-05-22,0.3230418562889099
2020-05-23,0.3201741874217987
2020-05-24,0.31775025427341463
2020-05-25,0.3153263211250305
2020-05-26,0.31290238797664643
2020-05-27,0.3104784548282623
2020-05-28,0.30805452167987823
2020-05-29,0.30563058853149416
2020-05-30,0.30320665538311004
2020-05-31,0.30078272223472596
2020-06-01,0.29835878908634184
2020-06-02,0.29593485593795776
2020-06-03,0.29136021062731743
2020-06-04,0.2867855653166771
2020-06-05,0.28221092000603676
2020-06-06,0.2776362746953964
2020-06-07,0.2730616293847561
2020-06-08,0.26848698407411575
2020-06-09,0.2639123387634754
2020-06-10,0.2593376934528351
2020-06-11,0.2597320258033042
2020-06-12,0.2601263581537733
2020-06-13,0.26052069050424237
2020-06-14,0.2609150228547115
2020-06-15,0.2613093552051806
2020-06-16,0.2617036875556497
2020-06-17,0.2620980199061188
2020-06-18,0.2624923522565879
2020-06-19,0.262886684607057
2020-06-20,0.2632810169575261
2020-06-21,0.26367534930799524
2020-06-22,0.26406968165846434
2020-06-23,0.26446401400893343
2020-06-24,0.26485834635940253
2020-06-25,0.2652526787098716
2020-06-26,0.2656470110603407
2020-06-27,0.2660413434108098
2020-06-28,0.2664356757612789
2020-06-29,0.26683000811174806
2020-06-30,0.26722434046221716
2020-07-01,0.26761867281268625
2020-07-02,0.26801300516315535
2020-07-03,0.26840733751362444
2020-07-04,0.26880166986409354
2020-07-05,0.26919600221456264
2020-07-06,0.2695903345650318
2020-07-07,0.2699846669155009
2020-07-08,0.27037899926597
2020-07-09,0.2707733316164391
2020-07-10,0.27116766396690817
2020-07-11,0.27156199631737726
2020-07-12,0.27195632866784636
2020-07-13,0.2723506610183155
2020-07-14,0.2727449933687846
2020-07-15,0.2731393257192537
2020-07-16,0.2735336580697228
2020-07-17,0.2739279904201919
2020-07-18,0.274322322770661
2020-07-19,0.2747166551211301
2020-07-20,0.27511098747159923
2020-07-21,0.27550531982206833
2020-07-22,0.2758996521725374
2020-07-23,0.2762939845230065
2020-07-24,0.2766883168734756
2020-07-25,0.2770826492239447
2020-07-26,0.2774769815744138
2020-07-27,0.27787131392488296
2020-07-28,0.27826564627535205
2020-07-29,0.27865997862582115
2020-07-30,0.27905431097629024
2020-07-31,0.27944864332675934
2020-08-01,0.27984297567722843
2020-08-02,0.28023730802769753
2020-08-03,0.2806316403781666
2020-08-04,0.2810259727286358
2020-08-05,0.28142030507910487
2020-08-06,0.28181463742957397
2020-08-07,0.28220896978004306
2020-08-08,0.28260330213051216
2020-08-09,0.28299763448098125
2020-08-10,0.28339196683145035
2020-08-11,0.2837862991819195
2020-08-12,0.2841806315323886
2020-08-13,0.2845749638828577
2020-08-14,0.2849692962333268
2020-08-15,0.2853636285837959
2020-08-16,0.285757960934265
2020-08-17,0.28615229328473407
2020-08-18,0.28654662563520317
2020-08-19,0.2869409579856723
2020-08-20,0.2873352903361414
2020-08-21,0.2877296226866105
2020-08-22,0.2881239550370796
2020-08-23,0.2885182873875487
2020-08-24,0.2889126197380178
2020-08-25,0.2893069520884869
2020-08-26,0.28970128443895604
2020-08-27,0.29009561678942514
2020-08-28,0.29048994913989423
2020-08-29,0.29088428149036333
2020-08-30,0.2912786138408324
2020-08-31,0.2916729461913015
2020-09-01,0.2920672785417706
2020-09-02,0.29246161089223977
2020-09-03,0.29285594324270886
2020-09-04,0.29325027559317796
2020-09-05,0.29364460794364705
2020-09-06,0.29403894029411615
2020-09-07,0.29443327264458524
2020-09-08,0.29482760499505434
2020-09-09,0.2952219373455235
2020-09-10,0.2956162696959926
2020-09-11,0.2960106020464617
2020-09-12,0.2964049343969308
2020-09-13,0.29679926674739987
2020-09-14,0.29719359909786897
2020-09-15,0.29758793144833806
2020-09-16,0.2979822637988072
2020-09-17,0.2983765961492763
2020-09-18,0.2987709284997454
2020-09-19,0.2991652608502145
2020-09-20,0.2995595932006836
2020-09-21,0.29506703466176987
2020-09-22,0.29057447612285614
2020-09-23,0.2860819175839424
2020-09-24,0.2815893590450287
2020-09-25,0.27709680050611496
2020-09-26,0.27260424196720123
2020-09-27,0.2681116834282875
2020-09-28,0.2636191248893738
2020-09-29,0.23883839696645737
2020-09-30,0.21405766904354095
2020-10-01,0.21570440232753754
2020-10-02,0.21735113561153413
2020-10-03,0.2189978688955307
2020-10-04,0.22064460217952728
2020-10-05,0.22229133546352386
2020-10-06,0.24034233689308165
2020-10-07,0.25839333832263944
2020-10-08,0.2764443397521973
2020-10-09,0.2944953411817551
2020-10-10,0.31254634261131287
2020-10-11,0.29425932963689166
2020-10-12,0.2759723166624705
2020-10-13,0.2576853036880493
2020-10-14,0.2628237456083298
2020-10-15,0.26796218752861023
2020-10-16,0.26116105417410534
2020-10-17,0.2543599208196004
2020-10-18,0.24755878746509552
2020-10-19,0.26421914249658585
2020-10-20,0.28087949752807617
2020-10-21,0.2842300236225128
2020-10-22,0.28758054971694946
2020-10-23,0.2909310758113861
2020-10-24,0.3237685412168503
2020-10-25,0.35660600662231445
2020-10-26,0.32744795083999634
2020-10-27,0.2982898950576782
2020-10-28,0.2691318392753601
2020-10-29,0.28399787843227386
2020-10-30,0.2988639175891876
2020-10-31,0.32744598388671875
2020-11-01,0.3560280501842499
2020-11-02,0.384610116481781
2020-11-03,0.34938180446624756
2020-11-04,0.3141534924507141
2020-11-05,0.301832248767217
2020-11-06,0.2895110050837199
2020-11-07,0.2771897614002228
2020-11-08,0.3074577897787094
2020-11-09,0.33772581815719604
2020-11-10,0.3327816029389699
2020-11-11,0.32783738772074383
2020-11-12,0.3228931725025177
2020-11-13,0.30149124562740326
2020-11-14,0.2800893187522888
2020-11-15,0.27542080481847125
2020-11-16,0.27075229088465375
2020-11-17,0.2660837769508362
2020-11-18,0.2653839647769928
2020-11-19,0.2646841526031494
2020-11-20,0.263984340429306
2020-11-21,0.26328452825546267
2020-11-22,0.26258471608161926
2020-11-23,0.26378252506256106
2020-11-24,0.2649803340435028
2020-11-25,0.2661781430244446
2020-11-26,0.26737595200538633
2020-11-27,0.2685737609863281
2020-11-28,0.26384881138801575
2020-11-29,0.25912386178970337
2020-11-30,0.26226091384887695
2020-12-01,0.26539796590805054
2020-12-02,0.2685350179672241
2020-12-03,0.27637435495853424
2020-12-04,0.28421369194984436
2020-12-05,0.27916446328163147
2020-12-06,0.2741152346134186
2020-12-07,0.2690660059452057
2020-12-08,0.271591488804136
2020-12-09,0.2741169716630663
2020-12-10,0.27664245452199665
2020-12-11,0.27916793738092693
2020-12-12,0.2816934202398573
2020-12-13,0.28421890309878756
2020-12-14,0.2867443859577179
2020-12-15,0.2909512221813202
2020-12-16,0.2951580584049225
2020-12-17,0.2993648946285248
2020-12-18,0.3012015223503113
2020-12-19,0.3030381500720978
2020-12-20,0.3048747777938843
2020-12-21,0.3067114055156708
2020-12-22,0.3085480332374573
2020-12-23,0.3103846609592438
2020-12-24,0.3122212886810303
2020-12-25,0.314040869474411
2020-12-26,0.31586045026779175
2020-12-27,0.3176800310611725
2020-12-28,0.3176800310611725
2020-12-29,0.3176800310611725
2020-12-30,0.31673022657632827
2020-12-31,0.31578042209148405
2021-01-01,0.3148306176066399
2021-01-02,0.31388081312179567
2021-01-03,0.31293100863695145
2021-01-04,0.3119812041521072
2021-01-05,0.311031399667263
2021-01-06,0.31008159518241885
2021-01-07,0.3091317906975746
2021-01-08,0.3081819862127304
2021-01-09,0.3072321817278862
2021-01-10,0.30628237724304197
2021-01-11,0.3053325727581978
2021-01-12,0.3043827682733536
2021-01-13,0.30343296378850937
2021-01-14,0.30248315930366515
2021-01-15,0.30153335481882093
2021-01-16,0.30058355033397677
2021-01-17,0.29963374584913255
2021-01-18,0.29868394136428833
2021-01-19,0.29857866615056994
2021-01-20,0.2984733909368515
2021-01-21,0.2983681157231331
2021-01-22,0.29826284050941465
2021-01-23,0.29815756529569626
2021-01-24,0.29805229008197787
2021-01-25,0.2979470148682594
2021-01-26,0.297841739654541
2021-01-27,0.2977364644408226
2021-01-28,0.2976311892271042
2021-01-29,0.2975259140133858
2021-01-30,0.29742063879966735
2021-01-31,0.29731536358594896
2021-02-01,0.2972100883722305
2021-02-02,0.2971048131585121
2021-02-03,0.2969995379447937
2021-02-04,0.2968942627310753
2021-02-05,0.2967889875173569
2021-02-06,0.29668371230363844
2021-02-07,0.29657843708992004
2021-02-08,0.29553337022662163
2021-02-09,0.2944883033633232
2021-02-10,0.2934432365000248
2021-02-11,0.2923981696367264
2021-02-12,0.29135310277342796
2021-02-13,0.29030803591012955
2021-02-14,0.28926296904683113
2021-02-15,0.2882179021835327
2021-02-16,0.29998113214969635
2021-02-17,0.31174436211586
2021-02-18,0.3080511490503947
2021-02-19,0.3043579359849294
2021-02-20,0.3006647229194641
2021-02-21,0.2893622815608978
2021-02-22,0.27805984020233154
2021-02-23,0.2688966492811839
2021-02-24,0.2597334583600362
2021-02-25,0.25057026743888855
2021-02-26,0.24641042947769165
2021-02-27,0.24225059151649475
2021-02-28,0.24602680404980978
2021-03-01,0.2498030165831248
2021-03-02,0.2535792291164398
2021-03-03,0.2587544023990631
2021-03-04,0.2639295756816864
2021-03-05,0.263613224029541
2021-03-06,0.26329687237739563
2021-03-07,0.26298052072525024
2021-03-08,0.26233530044555664
2021-03-09,0.26169008016586304
2021-03-10,0.2607797861099243
2021-03-11,0.2598694920539856
2021-03-12,0.2589591979980469
2021-03-13,0.25804890394210817
2021-03-14,0.25713860988616943
2021-03-15,0.2576793332894643
2021-03-16,0.2582200566927592
2021-03-17,0.2587607800960541
2021-03-18,0.26575140953063964
2021-03-19,0.2727420389652252
2021-03-20,0.2797326683998108
2021-03-21,0.2867232978343964
2021-03-22,0.29371392726898193
2021-03-23,0.2705312669277191
2021-03-24,0.2473486065864563
2021-03-25,0.26089444756507874
2021-03-26,0.27444028854370117
2021-03-27,0.2879861295223236
2021-03-28,0.29797010123729706
2021-03-29,0.3079540729522705
2021-03-30,0.3066863516966502
2021-03-31,0.30541863044102985
2021-04-01,0.30415090918540955
2021-04-02,0.29540106654167175
2021-04-03,0.28665122389793396
2021-04-04,0.29993427395820615
2021-04-05,0.3132173240184784
2021-04-06,0.3265003740787506
2021-04-07,0.33978342413902285
2021-04-08,0.35306647419929504
2021-04-09,0.33595816294352215
2021-04-10,0.3188498516877492
2021-04-11,0.3017415404319763
2021-04-12,0.29618674516677856
2021-04-13,0.2906319499015808
2021-04-14,0.2902471423149109
2021-04-15,0.28986233472824097
2021-04-16,0.28947752714157104
2021-04-17,0.29770804941654205
2021-04-18,0.30593857169151306
2021-04-19,0.3027946874499321
2021-04-20,0.29965080320835114
2021-04-21,0.29650691896677017
2021-04-22,0.2933630347251892
2021-04-23,0.29021915048360825
2021-04-24,0.2870752662420273
2021-04-25,0.2839313820004463
2021-04-26,0.28078749775886536
2021-04-27,0.27974238991737366
2021-04-28,0.27869728207588196
2021-04-29,0.27892182270685834
2021-04-30,0.27914636333783466
2021-05-01,0.27937090396881104
2021-05-02,0.2794439835207803
2021-05-03,0.27951706307274954
2021-05-04,0.2795901426247188
2021-05-05,0.27966322217668804
2021-05-06,0.2797363017286573
2021-05-07,0.27980938128062655
2021-05-08,0.2798824608325958
2021-05-09,0.27788518865903217
2021-05-10,0.27588791648546857
2021-05-11,0.2738906443119049
2021-05-12,0.27194819450378416
2021-05-13,0.27000574469566346
2021-05-14,0.2680632948875427
2021-05-15,0.266120845079422
2021-05-16,0.26417839527130127
2021-05-17,0.26553371974400114
2021-05-18,0.26688904421670095
2021-05-19,0.2682443686894008
2021-05-20,0.26959969316210064
2021-05-21,0.2709550176348005
2021-05-22,0.2723103421075003
2021-05-23,0.2736656665802002
2021-05-24,0.27151423692703247
2021-05-25,0.26936280727386475
2021-05-26,0.267211377620697
2021-05-27,0.26813351682254244
2021-05-28,0.2690556560243879
2021-05-29,0.26997779522623333
2021-05-30,0.2708999344280788
2021-05-31,0.2718220736299242
2021-06-01,0.2727442128317697
2021-06-02,0.2736663520336151
2021-06-03,0.27511566245194635
2021-06-04,0.27656497287027765
2021-06-05,0.2780142832886089
2021-06-06,0.2794635937069402
2021-06-07,0.2809129041252714
2021-06-08,0.28236221454360266
2021-06-09,0.28381152496193396
2021-06-10,0.2852608353802652
2021-06-11,0.2867101457985965
2021-06-12,0.28815945621692773
2021-06-13,0.289608766635259
2021-06-14,0.29105807705359027
2021-06-15,0.2925073874719215
2021-06-16,0.2939566978902528
2021-06-17,0.29540600830858404
2021-06-18,0.2968553187269153
2021-06-19,0.2983046291452466
2021-06-20,0.2997539395635778
2021-06-21,0.30120324998190906
2021-06-22,0.30265256040024036
2021-06-23,0.3041018708185716
2021-06-24,0.3055511812369029
2021-06-25,0.30700049165523413
2021-06-26,0.3084498020735654
2021-06-27,0.30989911249189667
2021-06-28,0.3113484229102279
2021-06-29,0.3127977333285592
2021-06-30,0.31424704374689044
2021-07-01,0.3156963541652217
2021-07-02,0.317145664583553
2021-07-03,0.3185949750018842
2021-07-04,0.3200442854202155
2021-07-05,0.32149359583854675
2021-07-06,0.3212983663054718
2021-07-07,0.32110313677239694
2021-07-08,0.320907907239322
2021-07-09,0.32071267770624706
2021-07-10,0.3205174481731722
2021-07-11,0.32032221864009724
2021-07-12,0.32012698910702236
2021-07-13,0.3199317595739474
2021-07-14,0.3197365300408725
2021-07-15,0.3195413005077976
2021-07-16,0.3193460709747227
2021-07-17,0.31915084144164774
2021-07-18,0.31895561190857286
2021-07-19,0.3187603823754979
2021-07-20,0.31856515284242304
2021-07-21,0.3183699233093481
2021-07-22,0.31817469377627317
2021-07-23,0.3179794642431983
2021-07-24,0.31778423471012335
2021-07-25,0.3175890051770484
2021-07-26,0.31739377564397353
2021-07-27,0.3171985461108986
2021-07-28,0.31700331657782366
2021-07-29,0.3168080870447488
2021-07-30,0.31661285751167384
2021-07-31,0.31641762797859896
2021-08-01,0.316222398445524
2021-08-02,0.3160271689124491
2021-08-03,0.3158319393793742
2021-08-04,0.31563670984629927
2021-08-05,0.31544148031322433
2021-08-06,0.31524625078014945
2021-08-07,0.3150510212470745
2021-08-08,0.3148557917139996
2021-08-09,0.3146605621809247
2021-08-10,0.31446533264784976
2021-08-11,0.3142701031147749
2021-08-12,0.31407487358169994
2021-08-13,0.313879644048625
2021-08-14,0.3136844145155501
2021-08-15,0.3134891849824752
2021-08-16,0.31329395544940025
2021-08-17,0.31309872591632537
2021-08-18,0.31290349638325043
2021-08-19,0.31270826685017555
2021-08-20,0.3125130373171006
2021-08-21,0.3123178077840257
2021-08-22,0.3121225782509508
2021-08-23,0.31192734871787586
2021-08-24,0.3117321191848009
2021-08-25,0.31153688965172605
2021-08-26,0.3113416601186511
2021-08-27,0.31114643058557623
2021-08-28,0.3109512010525013
2021-08-29,0.31075597151942635
2021-08-30,0.3105607419863515
2021-08-31,0.31036551245327654
2021-09-01,0.3101702829202016
2021-09-02,0.3099750533871267
2021-09-03,0.3097798238540518
2021-09-04,0.30958459432097685
2021-09-05,0.30938936478790197
2021-09-06,0.30919413525482703
2021-09-07,0.30899890572175215
2021-09-08,0.3088036761886772
2021-09-09,0.3086084466556023
2021-09-10,0.3084132171225274
2021-09-11,0.30821798758945246
2021-09-12,0.3080227580563775
2021-09-13,0.30782752852330264
2021-09-14,0.3076322989902277
2021-09-15,0.30743706945715277
2021-09-16,0.3072418399240779
2021-09-17,0.30704661039100295
2021-09-18,0.30685138085792807
2021-09-19,0.30665615132485313
2021-09-20,0.3064609217917782
2021-09-21,0.3062656922587033
2021-09-22,0.3060704627256284
2021-09-23,0.30587523319255344
2021-09-24,0.30568000365947856
2021-09-25,0.3054847741264036
2021-09-26,0.3052895445933287
2021-09-27,0.3050943150602538
2021-09-28,0.30489908552717887
2021-09-29,0.304703855994104
2021-09-30,0.30450862646102905
2021-10-01,0.3059782882531484
2021-10-02,0.30744795004526776
2021-10-03,0.3089176118373871
2021-10-04,0.3075786020074572
2021-10-05,0.3062395921775273
2021-10-06,0.30490058234759737
2021-10-07,0.3035615725176675
2021-10-08,0.3022225626877376
2021-10-09,0.3008835528578077
2021-10-10,0.2995445430278778
2021-10-11,0.2995445430278778
2021-10-12,0.2995445430278778
2021-10-13,0.2995445430278778
2021-10-14,0.280900776386261
2021-10-15,0.26225700974464417
2021-10-16,0.2642015554010868
2021-10-17,0.26614610105752945
2021-10-18,0.2680906467139721
2021-10-19,0.27003519237041473
2021-10-20,0.2719797380268574
2021-10-21,0.2739242836833
2021-10-22,0.27586882933974266
2021-10-23,0.2778133749961853
2021-10-24,0.2816287577152252
2021-10-25,0.28544414043426514
2021-10-26,0.25334324439366657
2021-10-27,0.22124234835306805
2021-10-28,0.18914145231246948
2021-10-29,0.19751188904047012
2021-10-30,0.20588232576847076
2021-10-31,0.19745236138502756
2021-11-01,0.18902239700158438
2021-11-02,0.18059243261814117
2021-11-03,0.21533817797899246
2021-11-04,0.25008392333984375
2021-11-05,0.26700538396835327
2021-11-06,0.2839268445968628
2021-11-07,0.3008483052253723
2021-11-08,0.30060072456087383
2021-11-09,0.3003531438963754
2021-11-10,0.3001055632318769
2021-11-11,0.29985798256737844
2021-11-12,0.29961040190287996
2021-11-13,0.29936282123838154
2021-11-14,0.29911524057388306
2021-11-15,0.29911524057388306
2021-11-16,0.29911524057388306
2021-11-17,0.29911524057388306
2021-11-18,0.29458733797073366
2021-11-19,0.2900594353675842
2021-11-20,0.2855315327644348
2021-11-21,0.2810036301612854
2021-11-22,0.276475727558136
2021-11-23,0.28689950704574585
2021-11-24,0.2973232865333557
2021-11-25,0.31219060222307843
2021-11-26,0.3270579179128011
2021-11-27,0.3419252336025238
2021-11-28,0.30945052206516266
2021-11-29,0.2769758105278015
2021-11-30,0.27673335671424865
2021-12-01,0.2764909029006958
2021-12-02,0.27624844908714297
2021-12-03,0.2760059952735901
2021-12-04,0.27576354146003723
2021-12-05,0.27554906407992047
2021-12-06,0.27533458669980365
2021-12-07,0.2751201093196869
2021-12-08,0.27066075801849365
2021-12-09,0.2662014067173004
2021-12-10,0.2664380486194904
2021-12-11,0.2666746905216804
2021-12-12,0.2669113324238704
2021-12-13,0.26714797432606036
2021-12-14,0.2673846162282504
2021-12-15,0.26762125813044035
2021-12-16,0.2678579000326303
2021-12-17,0.2680945419348203
2021-12-18,0.2683311838370103
2021-12-19,0.2685678257392003
2021-12-20,0.26880446764139027
2021-12-21,0.2690411095435803
2021-12-22,0.26927775144577026
2021-12-23,0.2701140344142914
2021-12-24,0.2709503173828125
2021-12-25,0.2717866003513336
2021-12-26,0.27262288331985474
2021-12-27,0.27345916628837585
2021-12-28,0.27333341704474556
2021-12-29,0.2732076678011153
2021-12-30,0.2730819185574849
2021-12-31,0.27295616931385464
2022-01-01,0.27283042007022434
2022-01-02,0.27270467082659405
2022-01-03,0.2725789215829637
2022-01-04,0.2724531723393334
2022-01-05,0.2723274230957031
2022-01-06,0.27220167385207283
2022-01-07,0.27207592460844254
2022-01-08,0.2719501753648122
2022-01-09,0.2718244261211819
2022-01-10,0.2716986768775516
2022-01-11,0.2715729276339213
2022-01-12,0.271447178390291
2022-01-13,0.2713214291466607
2022-01-14,0.2711956799030304
2022-01-15,0.2710699306594001
2022-01-16,0.2709441814157698
2022-01-17,0.27081843217213947
2022-01-18,0.2706926829285092
2022-01-19,0.2705669336848789
2022-01-20,0.2704411844412486
2022-01-21,0.27031543519761825
2022-01-22,0.27018968595398796
2022-01-23,0.27006393671035767
2022-01-24,0.2699381874667274
2022-01-25,0.2698124382230971
2022-01-26,0.26968668897946674
2022-01-27,0.26956093973583645
2022-01-28,0.26943519049220616
2022-01-29,0.26930944124857586
2022-01-30,0.2691836920049455
2022-01-31,0.2690579427613152
2022-02-01,0.26893219351768494
2022-02-02,0.26880644427405465
2022-02-03,0.26868069503042435
2022-02-04,0.268554945786794
2022-02-05,0.2684291965431637
2022-02-06,0.2683034472995334
2022-02-07,0.26817769805590314
2022-02-08,0.2680519488122728
2022-02-09,0.2679261995686425
2022-02-10,0.2678004503250122
2022-02-11,0.2665759474039078
2022-02-12,0.26535144448280334
2022-02-13,0.26597092549006146
2022-02-14,0.2665904064973195
2022-02-15,0.26720988750457764
2022-02-16,0.2741265445947647
2022-02-17,0.2810432016849518
2022-02-18,0.2800455689430237
2022-02-19,0.2790479362010956
2022-02-20,0.2780503034591675
2022-02-21,0.2830324828624725
2022-02-22,0.2880146622657776
2022-02-23,0.29299684166908263
2022-02-24,0.2979790210723877
2022-02-25,0.30296120047569275
2022-02-26,0.2978198528289795
2022-02-27,0.29267850518226624
2022-02-28,0.287537157535553
2022-03-01,0.2823958098888397
2022-03-02,0.27725446224212646
2022-03-03,0.2755127400159836
2022-03-04,0.2737710177898407
2022-03-05,0.2734086960554123
2022-03-06,0.2730463743209839
2022-03-07,0.2726840525865555
2022-03-08,0.2723217308521271
2022-03-09,0.27195940911769867
2022-03-10,0.27159708738327026
2022-03-11,0.27123476564884186
2022-03-12,0.27087244391441345
2022-03-13,0.2713325768709183
2022-03-14,0.2717927098274231
2022-03-15,0.270901083946228
2022-03-16,0.27000945806503296
2022-03-17,0.2691178321838379
2022-03-18,0.2700921595096588
2022-03-19,0.27106648683547974
2022-03-20,0.268343985080719
2022-03-21,0.26562148332595825
2022-03-22,0.2628989815711975
2022-03-23,0.2779724597930908
2022-03-24,0.29304593801498413
2022-03-25,0.2972305814425151
2022-03-26,0.30141522487004596
2022-03-27,0.3055998682975769
2022-03-28,0.2880193293094635
2022-03-29,0.2704387903213501
2022-03-30,0.26950714985529584
2022-03-31,0.2685755093892415
2022-04-01,0.26764386892318726
2022-04-02,0.27342528104782104
2022-04-03,0.27920669317245483
2022-04-04,0.28123860955238345
2022-04-05,0.283270525932312
2022-04-06,0.2853024423122406
2022-04-07,0.28733435869216917
2022-04-08,0.2893662750720978
2022-04-09,0.29072583715120953
2022-04-10,0.29208539923032123
2022-04-11,0.293444961309433
2022-04-12,0.31828345358371735
2022-04-13,0.3431219458580017
2022-04-14,0.3524644573529561
2022-04-15,0.3618069688479106
2022-04-16,0.371149480342865
2022-04-17,0.35576874017715454
2022-04-18,0.3403880000114441
2022-04-19,0.3323382039864858
2022-04-20,0.3242884079615275
2022-04-21,0.3162386119365692
2022-04-22,0.31280967593193054
2022-04-23,0.30938073992729187
2022-04-24,0.2995931804180145
2022-04-25,0.2898056209087372
2022-04-26,0.28001806139945984
2022-04-27,0.278096541762352
2022-04-28,0.27617502212524414
2022-04-29,0.27889829874038696
2022-04-30,0.2816215753555298
2022-05-01,0.2843448519706726
2022-05-02,0.28706812858581543
2022-05-03,0.28979140520095825
2022-05-04,0.2857462167739868
2022-05-05,0.2817010283470154
2022-05-06,0.27765583992004395
2022-05-07,0.2850462794303894
2022-05-08,0.29243671894073486
2022-05-09,0.2922842800617218
2022-05-10,0.29213184118270874
2022-05-11,0.2919794023036957
2022-05-12,0.2867438346147537
2022-05-13,0.28150826692581177
2022-05-14,0.28150826692581177
2022-05-15,0.28150826692581177
2022-05-16,0.28150826692581177
2022-05-17,0.28150826692581177
2022-05-18,0.28150826692581177
2022-05-19,0.27768535415331524
2022-05-20,0.27386244138081867
2022-05-21,0.27003952860832214
2022-05-22,0.2696196913719177
2022-05-23,0.2691998541355133
2022-05-24,0.2687800168991089
2022-05-25,0.2683601796627045
2022-05-26,0.26794034242630005
2022-05-27,0.26478642225265503
2022-05-28,0.26163250207901
2022-05-29,0.2618775467077891
2022-05-30,0.2621225913365682
2022-05-31,0.2623676359653473
2022-06-01,0.2575186938047409
2022-06-02,0.2526697516441345
2022-06-03,0.2526949137449265
2022-06-04,0.2527200758457184
2022-06-05,0.2527452379465103
2022-06-06,0.2527704000473022
2022-06-07,0.2527955621480942
2022-06-08,0.25282072424888613
2022-06-09,0.25284588634967803
2022-06-10,0.25287104845047
2022-06-11,0.2528962105512619
2022-06-12,0.25292137265205383
2022-06-13,0.25999810298283893
2022-06-14,0.2670748333136241
2022-06-15,0.2741515636444092
2022-06-16,0.27409360818564893
2022-06-17,0.2740356527268887
2022-06-18,0.2739776972681284
2022-06-19,0.2739197418093681
2022-06-20,0.27386178635060787
2022-06-21,0.2738038308918476
2022-06-22,0.27374587543308737
2022-06-23,0.27368791997432707
2022-06-24,0.2736299645155668
2022-06-25,0.27357200905680656
2022-06-26,0.2735140535980463
2022-06-27,0.27345609813928606
2022-06-28,0.27339814268052576
2022-06-29,0.2733401872217655
2022-06-30,0.27328223176300526
2022-07-01,0.273224276304245
2022-07-02,0.27316632084548476
2022-07-03,0.27310836538672445
2022-07-04,0.2730504099279642
2022-07-05,0.27299245446920395
2022-07-06,0.2729344990104437
2022-07-07,0.27287654355168345
2022-07-08,0.27281858809292314
2022-07-09,0.2727606326341629
2022-07-10,0.27270267717540264
2022-07-11,0.2726447217166424
2022-07-12,0.27258676625788214
2022-07-13,0.27252881079912183
2022-07-14,0.2724708553403616
2022-07-15,0.27241289988160133
2022-07-16,0.2723549444228411
2022-07-17,0.27229698896408083
2022-07-18,0.2722390335053205
2022-07-19,0.2721810780465603
2022-07-20,0.2721231225878
2022-07-21,0.2720651671290398
2022-07-22,0.2720072116702795
2022-07-23,0.2719492562115192
2022-07-24,0.27189130075275897
2022-07-25,0.2718333452939987
2022-07-26,0.27177538983523847
2022-07-27,0.2717174343764782
2022-07-28,0.2716594789177179
2022-07-29,0.27160152345895766
2022-07-30,0.2715435680001974
2022-07-31,0.27148561254143716
2022-08-01,0.2714276570826769
2022-08-02,0.2713697016239166
2022-08-03,0.27131174616515635
2022-08-04,0.2712537907063961
2022-08-05,0.27119583524763585
2022-08-06,0.2711378797888756
2022-08-07,0.2710799243301153
2022-08-08,0.27102196887135505
2022-08-09,0.2709640134125948
2022-08-10,0.27090605795383454
2022-08-11,0.2708481024950743
2022-08-12,0.270790147036314
2022-08-13,0.27073219157755374
2022-08-14,0.2706742361187935
2022-08-15,0.27061628066003324
2022-08-16,0.270558325201273
2022-08-17,0.2705003697425127
2022-08-18,0.27044241428375243
2022-08-19,0.2703844588249922
2022-08-20,0.27032650336623193
2022-08-21,0.2702685479074717
2022-08-22,0.2702105924487114
2022-08-23,0.2701526369899511
2022-08-24,0.27009468153119087
2022-08-25,0.2700367260724306
2022-08-26,0.26997877061367037
2022-08-27,0.26992081515491007
2022-08-28,0.2698628596961498
2022-08-29,0.26980490423738956
2022-08-30,0.2697469487786293
2022-08-31,0.26968899331986906
2022-09-01,0.26963103786110876
2022-09-02,0.2695730824023485
2022-09-03,0.26951512694358826
2022-09-04,0.26787009835243225
2022-09-05,0.26622506976127625
2022-09-06,0.26622506976127625
2022-09-07,0.26622506976127625
2022-09-08,0.26622506976127625
2022-09-09,0.26622506976127625
2022-09-10,0.26622506976127625
2022-09-11,0.26622506976127625
2022-09-12,0.26622506976127625
2022-09-13,0.26622506976127625
2022-09-14,0.26622506976127625
2022-09-15,0.26622506976127625
2022-09-16,0.26622506976127625
2022-09-17,0.26622506976127625
2022-09-18,0.26622506976127625
2022-09-19,0.26622506976127625
2022-09-20,0.26622506976127625
2022-09-21,0.26622506976127625
2022-09-22,0.26622506976127625
2022-09-23,0.26622506976127625
2022-09-24,0.26622506976127625
2022-09-25,0.26622506976127625
2022-09-26,0.26622506976127625
2022-09-27,0.26622506976127625
2022-09-28,0.26622506976127625
2022-09-29,0.2679028034210205
2022-09-30,0.2695805370807648
2022-10-01,0.271258270740509
2022-10-02,0.2729360044002533
2022-10-03,0.27461373805999756
2022-10-04,0.27488378435373306
2022-10-05,0.27515383064746857
2022-10-06,0.27542387694120407
2022-10-07,0.2756939232349396
2022-10-08,0.2759639695286751
2022-10-09,0.2762340158224106
2022-10-10,0.2765040621161461
2022-10-11,0.2767741084098816
2022-10-12,0.2770441547036171
2022-10-13,0.2773142009973526
2022-10-14,0.2775842472910881
2022-10-15,0.2778542935848236
2022-10-16,0.27988482515017193
2022-10-17,0.2819153567155202
2022-10-18,0.28394588828086853
2022-10-19,0.2791881412267685
2022-10-20,0.27443039417266846
2022-10-21,0.28134816884994507
2022-10-22,0.2882659435272217
2022-10-23,0.2951837182044983
2022-10-24,0.2979831248521805
2022-10-25,0.30078253149986267
2022-10-26,0.3035632371902466
2022-10-27,0.3063439428806305
2022-10-28,0.3091246485710144
2022-10-29,0.301648885011673
2022-10-30,0.29417312145233154
2022-10-31,0.2928214967250824
2022-11-01,0.29146987199783325
2022-11-02,0.2901182472705841
2022-11-03,0.28882835805416107
2022-11-04,0.28753846883773804
2022-11-05,0.2894875556230545
2022-11-06,0.29143664240837097
2022-11-07,0.29338572919368744
2022-11-08,0.2953348159790039
2022-11-09,0.2972839027643204
2022-11-10,0.29923298954963684
2022-11-11,0.3011820763349533
2022-11-12,0.3031311631202698
2022-11-13,0.2977684736251831
2022-11-14,0.29240578413009644
2022-11-15,0.2892525295416514
2022-11-16,0.28609927495320636
2022-11-17,0.28294602036476135
2022-11-18,0.29390817880630493
2022-11-19,0.3048703372478485
2022-11-20,0.3024255434672038
2022-11-21,0.299980749686559
2022-11-22,0.2975359559059143
2022-11-23,0.3172682374715805
2022-11-24,0.3370005190372467
2022-11-25,0.32597283522288006
2022-11-26,0.31494515140851337
2022-11-27,0.30391746759414673
2022-11-28,0.29007917642593384
2022-11-29,0.27624088525772095
2022-11-30,0.28211257855097455
2022-12-01,0.2879842718442281
2022-12-02,0.2938559651374817
2022-12-03,0.28917089104652405
2022-12-04,0.2844858169555664
2022-12-05,0.2875826557477315
2022-12-06,0.29067949453989667
2022-12-07,0.29377633333206177
2022-12-08,0.2947675287723541
2022-12-09,0.2957587242126465
2022-12-10,0.29477466146151227
2022-12-11,0.293790598710378
2022-12-12,0.2928065359592438
2022-12-13,0.29200880229473114
2022-12-14,0.2912110686302185
2022-12-15,0.30071771144866943
2022-12-16,0.31022435426712036
2022-12-17,0.3197309970855713
2022-12-18,0.30711136758327484
2022-12-19,0.2944917380809784
